rank	bare	accented	plural	plural_clean	gender	kind	level	en
1	человек	челове'к	лю'ди	люди	m	thay-goc	A1	person, people; man
3	время	вре'мя	времена'	времена	n	ена	A2	time, times, tense
8	глаз	глаз	глаза'	глаза	m	a-я	A2	eye
13	друг	друг	друзья'	друзья	m	ья	A2	friend
14	дом	дом	дома'	дома	m	a-я	A1	house, home, house-hold
23	город	го'род	города'	города	m	a-я	A2	town
24	голос	го'лос	голоса'	голоса	m	a-я	B1	voice, part, vote
36	ребёнок	ребёнок	де'ти	дети	m	thay-goc	A2	child, kid
49	жена	жена'	жёны	жёны	f	e-yo	A2	wife, woman
52	мать	мать	ма'тери	матери	f	ер	A2	mother
57	вечер	ве'чер	вечера'	вечера	m	a-я	B1	evening
60	плечо	плечо'	пле'чи	плечи	n	o-i	B1	shoulder, upper arm, humerus, arm
67	имя	и'мя	имена'	имена	n	ена	B1	name, first name; reputation; noun
71	лес	лес	леса'	леса	m	еса	B1	wood, forest; timber, lumber
73	сын	сын	сыновья'	сыновья	m	ья	A2	son
94	небо	не'бо	небеса'	небеса	n	еса	B1	sky, heaven
98	брат	брат	бра'тья	братья	m	ья	A2	brother
103	хозяин	хозя'ин	хозя'ева	хозяева	m	ева	B1	master, boss, owner, proprietor, host, landlord, man, husband
112	ухо	у'хо	у'ши	уши	n	thay-goc	B1	ear
115	берег	бе'рег	берега'	берега	m	a-я	B1	bank, shore, coast, beach
126	муж	муж	мужья'	мужья	m	ья	A2	husband, man
134	дерево	де'рево	дере'вья	деревья	n	ья	B1	tree, wood
137	снег	снег	снега'	снега	m	a-я	A2	snow
154	век	век	века'	века	m	a-я	B1	century, age, lifetime, for ages, always
155	номер	но'мер	номера'	номера	m	a-я	B1	number, size, room, issue, item on the programme, turn, trick
162	край	край	края'	края	m	a-я	B1	border, edge, brim, brink, side, land, country, krai, territory
175	господин	господи'н	господа'	господа	m	a-я	B1	gentleman, Monsieur, Signor, Herr, the master
194	директор	дире'ктор	директора'	директора	m	a-я	B1	director, manager, head, principal, head master, head mistress
212	колено	коле'но	коле'ни	колени	n	o-i	B1	knee, elbow, joint, node, bend, generation, tribe, figure, part of a piece of music or a song
216	доктор	до'ктор	доктора'	доктора	m	a-я	B1	doctor of Philosophy, doctor, physician
220	счёт	счёт	счета'	счета	m	a-я	A1	bill; check; account
238	профессор	профе'ссор	профессора'	профессора	m	a-я	B2	professor
255	слеза	слеза'	слёзы	слёзы	f	e-yo	B2	tear
281	лист	лист	ли'стья	листья	m	ья	B2	leaf
282	стекло	стекло'	стёкла	стёкла	n	e-yo	B2	glass, glassware; pane, window
293	дочь	дочь	до'чери	дочери	f	ер	B2	daughter
301	рост	рост	роста'	роста	m	a-я	B2	growth (in a living organism); growth (in quantity, prices, etc); height
304	звезда	звезда'	звёзды	звёзды	f	e-yo	B2	star; famous person; name of service module on the International Space Station
305	поезд	по'езд	поезда'	поезда	m	a-я	B2	train
306	сестра	сестра'	сёстры	сёстры	f	e-yo	A2	sister; nurse
308	цветок	цвето'к	цветы'	цветы	m	khac	B2	flower, blossom
312	сосед	сосе'д	сосе'ди	соседи	m	khac	B2	neighbour
334	гражданин	граждани'н	гра'ждане	граждане	m	ане	B2	citizen
336	цвет	цвет	цвета'	цвета	m	a-я	B2	color, colour
341	стул	стул	сту'лья	стулья	m	ья	A2	chair, stool
342	лагерь	ла'герь	лагеря'	лагеря	m	a-я	B2	camp
368	учитель	учи'тель	учителя'	учителя	m	a-я	B2	teacher, tutor
375	щека	щека'	щёки	щёки	f	e-yo	B2	cheek
394	чудо	чу'до	чудеса'	чудеса	n	еса	B2	miracle, wonder, marvel
409	остров	о'стров	острова'	острова	m	a-я	B2	island, isle
438	очко	очко'	очки'	очки	n	o-i	B2	pip, point, hole
448	чёрт	чёрт	че'рти	черти	m	khac	B2	devil, deuce
457	адрес	а'дрес	адреса'	адреса	m	еса	B2	address
474	дно	дно	до'нья	донья	n	ья	B2	bottom, ground
486	мастер	ма'стер	мастера'	мастера	m	a-я	B2	foreman, master, expert
500	весна	весна'	вёсны	вёсны	f	e-yo	B2	spring, springtime
539	песок	песо'к	пески'	пески	m	khac	B2	sand, sands, gravel
557	рукав	рука'в	рукава'	рукава	m	a-я	B2	sleeve, branch, arm, hose
601	тон	тон	тона'	тона	m	a-я	B2	tone
604	крыло	крыло'	кры'лья	крылья	n	ья	B2	wing, pinion, arm, sail-arm, sail, splash-board
625	озеро	о'зеро	озёра	озёра	n	e-yo	B2	lake
640	колесо	колесо'	колёса	колёса	n	e-yo	B2	wheel
705	вес	вес	веса'	веса	m	еса	B2	weight, influence, authority
709	холод	хо'лод	холода'	холода	m	a-я	B2	cold, coldness, cold weather
737	борт	борт	борта'	борта	m	a-я	C1	aboard, side, coat-breast, lapel, cushion
770	пояс	по'яс	пояса'	пояса	m	a-я	C1	belt, girdle, sash, waistband, waist, zone
801	орден	о'рден	ордена'	ордена	m	ена	C1	order, decoration
823	север	се'вер	севера'	севера	m	a-я	C1	north
825	крестьянин	крестья'нин	крестья'не	крестьяне	m	ане	C1	peasant; villager
855	паспорт	па'спорт	паспорта'	паспорта	m	a-я	C1	passport, registration certificate
889	юг	юг	юга'	юга	m	a-я	C1	south
893	ведро	ведро'	вёдра	вёдра	n	e-yo	C1	bucket, pail; twenty-one pints; fine weather
950	бег	бег	бега'	бега	m	a-я	C1	run, running, race
1022	пламя	пла'мя	пламена'	пламена	n	ена	C1	flame, flare, blaze
1036	перо	перо'	пе'рья	перья	n	ья	C1	feather, plume; pen
1089	яблоко	я'блоко	я'блоки	яблоки	n	o-i	C1	apple
1105	отпуск	о'тпуск	отпуска'	отпуска	m	a-я	C1	holiday, vacation, furlough, issue, delivery, distribution, tempering; holidays for workers
1165	бревно	бревно'	брёвна	брёвна	n	e-yo	C1	log, beam; dullard, numskull; balance beam
1176	судно	су'дно	суда'	суда	n	khac	C1	boat, ship, vessel, craft, bed-pan
1347	барин	ба'рин	ба'ре	баре	m	khac	C1	barin, gentleman, landowner, lord of the manor, master, sir, lord, grand gentleman
1379	рог	рог	рога'	рога	m	a-я	C1	horn, antler, bugle, hunting-horn
1381	полгода	полго'да	полугоды	полугоды	m	khac	C1	half a year, six months
1388	окошко	око'шко	око'шки	окошки	n	o-i	C1	window
1419	любитель	люби'тель	любителя'	любителя	m	a-я	C1	amateur, dilettante, lover
1549	провод	про'вод	провода'	провода	m	a-я	C2	wire, lead, conductor
1565	полдень	по'лдень	по'лдни	полдни	m	khac	C2	noon, midday
1567	череп	че'реп	черепа'	черепа	m	a-я	C2	skull, cranium
1591	округ	о'круг	округа'	округа	m	a-я	C2	okrug, region, circuit
1627	зерно	зерно'	зёрна	зёрна	n	e-yo	C2	grain, seed, core, kernel, corn, cereals, grain crop
1660	трактор	тра'ктор	трактора'	трактора	m	a-я	C2	tractor
1702	луг	луг	луга'	луга	m	a-я	C2	meadow, flood plain
1706	бедро	бедро'	бёдра	бёдра	n	e-yo	C2	thigh, hip, leg, round
1710	село	село'	сёла	сёла	n	e-yo	C2	village
1713	племя	пле'мя	племена'	племена	n	ена	C2	tribe, generation, breed
1729	повар	по'вар	повара'	повара	m	a-я	C2	cook; chef
1746	англичанин	англича'нин	англича'не	англичане	m	ане	C2	Englishman, the English, the British
1749	седло	седло'	сёдла	сёдла	n	e-yo	C2	saddle
1754	хутор	ху'тор	хутора'	хутора	m	a-я	C2	khutor, farm
1770	гнездо	гнездо'	гнёзда	гнёзда	n	e-yo	C2	nest, eyrie, nidus, cluster, socket, housing, family of words
1807	знамя	зна'мя	знамёна	знамёна	n	khac	C2	banner, colours, colour, standard
1809	сук	сук	су'чья	сучья	m	ья	C2	bough, knot
1858	весло	весло'	вёсла	вёсла	n	e-yo	C2	oar, scull, paddle
1866	кузов	ку'зов	кузова'	кузова	m	a-я	C2	basket, body
1883	купол	ку'пол	купола'	купола	m	a-я	C2	cupola, dome, big top
1887	ребро	ребро'	рёбра	рёбра	n	e-yo	C2	rib, edge, verge
1948	веко	ве'ко	ве'ки	веки	n	o-i	C2	eyelid
1971	сорт	сорт	сорта'	сорта	m	a-я	C2	sort, kind, variety, quality, grade, brand, growth
1973	брюхо	брю'хо	брю'хи	брюхи	n	o-i	C2	belly, paunch, corporation
1983	заря	заря'	зо'ри	зори	f	thay-goc	C2	daybreak, dawn, afterglow, evening glow, sunset, reveille, retreat, outset, start; name of the functional cargo block on the International Space Station
1990	горожанин	горожа'нин	горожа'не	горожане	m	ане	C2	townsman, town-dweller, city-dweller
1998	семя	се'мя	семена'	семена	n	ена	C2	seed, semen, sperm
2005	том	том	тома'	тома	m	a-я	C2	volume
2045	око	о'ко	о'чи	очи	n	thay-goc	C2	eye
2068	курица	ку'рица	ку'ры	куры	f	khac	C2	hen, chicken
2095	катер	ка'тер	катера'	катера	m	a-я	C2	boat
2099	мёд	мёд	меды'	меды	m	khac	C2	honey, mead
2136	местечко	месте'чко	месте'чки	местечки	n	o-i	C2	little place, borough, small town
2194	котёнок	котёнок	котя'та	котята	m	ята	C2	kitten
2222	землянин	земля'нин	земля'не	земляне	m	ане	C2	terrestrial being, earthling
2231	верста	верста'	вёрсты	вёрсты	f	e-yo	C2	verst, milestone
2311	медсестра	медсестра'	медсёстры	медсёстры	f	e-yo	C2	nurse
2413	россиянин	россия'нин	россия'не	россияне	m	ане	?	citizen of the Russian Federation
2420	звено	звено'	зве'нья	звенья	n	ья	?	link, team, group, section, flight
2496	парус	па'рус	паруса'	паруса	m	a-я	?	sail
